{
  "name": "ab",
  "email": "a@g.com",
  "password": "1",
  "joined": "2025-11-03 23:46:14",
  "trips": [
    {
      "id": "6a0f9ffb2a8a4e6993994c4b0e54ec00",
      "country": "India",
      "city": "kashmir",
      "start_date": "2000-02-12",
      "end_date": "2002-01-11",
      "expense": 2000.0,
      "rating": 5,
      "companions": "ishita",
      "checklist": "",
      "memory": "",
      "notes": "shqs",
      "ai_summary": "hsxbhsd",
      "photos": [
        "c05ed9d6753443bba7c6b3d20726bfdb_20210522202300_IMG_6470.JPG"
      ],
      "lat": 22.3511148,
      "lon": 78.6677428,
      "favorite": true,
      "created": "2025-11-04T00:22:15.080161"
    },
    {
      "id": "023bbfcec06a47cdb3554ccaa9dfe4b8",
      "country": "China",
      "city": "",
      "start_date": "2002-02-12",
      "end_date": "2003-02-22",
      "expense": 287.0,
      "rating": 5,
      "companions": "ewhf",
      "checklist": "",
      "memory": "",
      "notes": "cnvdcsdvcnsc",
      "ai_summary": "sncvjhcvwcd",
      "photos": [
        "aba48a6cf9fd4b3f845ae0559d2346d6_20210522201556_IMG_6453.JPG"
      ],
      "lat": 35.000074,
      "lon": 104.999927,
      "favorite": true,
      "created": "2025-11-04T00:23:40.996111"
    }
  ]
}