{
  "demo@example.com": {
    "name": "Demo Traveler",
    "email": "demo@example.com",
    "password": "demo1234",
    "joined": "2025-11-03",
    "trips": []
  },
  "a@g.com": {
    "name": "ab",
    "email": "a@g.com",
    "password": "1",
    "joined": "2025-11-03 23:46:14",
    "trips": [
      {
        "id": "6a0f9ffb2a8a4e6993994c4b0e54ec00",
        "country": "India",
        "city": "kashmir",
        "start_date": "2000-02-12",
        "end_date": "2002-01-11",
        "expense": 2000.0,
        "rating": 5,
        "companions": "ishita",
        "checklist": "",
        "memory": "",
        "notes": "shqs",
        "ai_summary": "hsxbhsd",
        "photos": [
          "c05ed9d6753443bba7c6b3d20726bfdb_20210522202300_IMG_6470.JPG"
        ],
        "lat": 22.3511148,
        "lon": 78.6677428,
        "favorite": true,
        "created": "2025-11-04T00:22:15.080161"
      },
      {
        "id": "023bbfcec06a47cdb3554ccaa9dfe4b8",
        "country": "China",
        "city": "",
        "start_date": "2002-02-12",
        "end_date": "2003-02-22",
        "expense": 287.0,
        "rating": 5,
        "companions": "ewhf",
        "checklist": "",
        "memory": "",
        "notes": "cnvdcsdvcnsc",
        "ai_summary": "sncvjhcvwcd",
        "photos": [
          "aba48a6cf9fd4b3f845ae0559d2346d6_20210522201556_IMG_6453.JPG"
        ],
        "lat": 35.000074,
        "lon": 104.999927,
        "favorite": true,
        "created": "2025-11-04T00:23:40.996111"
      }
    ]
  },
  "b2@g.cm": {
    "name": "EXP 4",
    "email": "b2@g.cm",
    "password": "1",
    "joined": "2025-11-04",
    "trips": []
  },
  "jb@g.com": {
    "name": "j",
    "email": "jb@g.com",
    "password": "1",
    "joined": "2025-11-04",
    "trips": []
  },
  "b3@g.com": {
    "name": "akash",
    "email": "b3@g.com",
    "password": "1",
    "joined": "2025-11-04",
    "trips": []
  },
  "b7@g.com": {
    "name": "Akash",
    "email": "b7@g.com",
    "password": "1",
    "joined": "2025-11-04",
    "trips": [
      {
        "id": "093784d38e7d401781564f49730b6a29",
        "country": "India",
        "city": "Himachal Pradesh",
        "start_date": "2025-02-12",
        "end_date": "2025-03-12",
        "expense": 500.0,
        "rating": 5,
        "companions": "ishita",
        "checklist": "",
        "memory": "",
        "notes": "jfoiejflef",
        "ai_summary": "ewfewf",
        "photos": [
          "3f982a9a506d4651834acb2a987663f0_Screenshot_2025-09-23_214626.png"
        ],
        "lat": 22.3511148,
        "lon": 78.6677428,
        "favorite": true,
        "created": "2025-11-04T12:02:17.627214"
      },
      {
        "id": "62e7791901ec4d128c3888c67d70ff4c",
        "country": "Usa",
        "city": "new york",
        "start_date": "2025-03-20",
        "end_date": "2025-04-20",
        "expense": 800.0,
        "rating": 5,
        "companions": "lovenish",
        "checklist": "",
        "memory": "",
        "notes": "kwjfklwf",
        "ai_summary": "/lkshwiekc",
        "photos": [
          "e17229a87aba45709dc89161cf3b180a_Screenshot_2025-09-23_214815.png"
        ],
        "lat": 39.7837304,
        "lon": -100.445882,
        "favorite": true,
        "created": "2025-11-04T12:03:16.188628"
      }
    ]
  },
  "a2@gmail.com": {
    "name": "Aadil",
    "email": "a2@gmail.com",
    "password": "12345",
    "joined": "2025-11-04",
    "trips": [
      {
        "id": "39725e9c8c4d440598f1d83b95e3c031",
        "country": "India",
        "city": "kashmir",
        "start_date": "2025-02-10",
        "end_date": "2025-02-20",
        "expense": 350.0,
        "rating": 5,
        "companions": "Akash",
        "checklist": "",
        "memory": "",
        "notes": "Amazing experience - would love to visit again",
        "ai_summary": "",
        "photos": [
          "78988e2e29c644b78ea8aadd6ff30bba_istockphoto-1323846766-612x612.jpg"
        ],
        "lat": 22.3511148,
        "lon": 78.6677428,
        "favorite": true,
        "created": "2025-11-04T12:10:50.435480"
      },
      {
        "id": "9b08959d6d7240358e0e9f5af54b8ee4",
        "country": "Japan",
        "city": "tokyo",
        "start_date": "2025-04-20",
        "end_date": "2025-05-20",
        "expense": 800.0,
        "rating": 4,
        "companions": "Lovenish",
        "checklist": "",
        "memory": "",
        "notes": "Loved to see such amazing people there",
        "ai_summary": "",
        "photos": [
          "46989a73ff0145c7b2c31c146cab29ea_fujiyoshida-view-scaled-e1680427764989.webp"
        ],
        "lat": 36.5748441,
        "lon": 139.2394179,
        "favorite": false,
        "created": "2025-11-04T12:22:02.070421"
      }
    ]
  }
}